<application>
  <component name="ProjectJdkTable">
    <jdk version="2">
      <name value="17" />
      <type value="JavaSDK" />
      <version value="version 17.0.8" />
      <homePath value="/usr/lib/jvm/java-1.17.0-openjdk-amd64" />
      <roots>
        <classPath>
          <root type="composite">
            <root url="jrt:///usr/lib/jvm/java-1.17.0-openjdk-amd64!/java.base" type="simple" />
            <root url="jrt:///usr/lib/jvm/java-1.17.0-openjdk-amd64!/java.compiler" type="simple" />
            <root url="jrt:///usr/lib/jvm/java-1.17.0-openjdk-amd64!/java.datatransfer" type="simple" />
            <root url="jrt:///usr/lib/jvm/java-1.17.0-openjdk-amd64!/java.desktop" type="simple" />
            <root url="jrt:///usr/lib/jvm/java-1.17.0-openjdk-amd64!/java.instrument" type="simple" />
            <root url="jrt:///usr/lib/jvm/java-1.17.0-openjdk-amd64!/java.logging" type="simple" />
            <root url="jrt:///usr/lib/jvm/java-1.17.0-openjdk-amd64!/java.management" type="simple" />
            <root url="jrt:///usr/lib/jvm/java-1.17.0-openjdk-amd64!/java.management.rmi" type="simple" />
            <root url="jrt:///usr/lib/jvm/java-1.17.0-openjdk-amd64!/java.naming" type="simple" />
            <root url="jrt:///usr/lib/jvm/java-1.17.0-openjdk-amd64!/java.net.http" type="simple" />
            <root url="jrt:///usr/lib/jvm/java-1.17.0-openjdk-amd64!/java.prefs" type="simple" />
            <root url="jrt:///usr/lib/jvm/java-1.17.0-openjdk-amd64!/java.rmi" type="simple" />
            <root url="jrt:///usr/lib/jvm/java-1.17.0-openjdk-amd64!/java.scripting" type="simple" />
            <root url="jrt:///usr/lib/jvm/java-1.17.0-openjdk-amd64!/java.se" type="simple" />
            <root url="jrt:///usr/lib/jvm/java-1.17.0-openjdk-amd64!/java.security.jgss" type="simple" />
            <root url="jrt:///usr/lib/jvm/java-1.17.0-openjdk-amd64!/java.security.sasl" type="simple" />
            <root url="jrt:///usr/lib/jvm/java-1.17.0-openjdk-amd64!/java.smartcardio" type="simple" />
            <root url="jrt:///usr/lib/jvm/java-1.17.0-openjdk-amd64!/java.sql" type="simple" />
            <root url="jrt:///usr/lib/jvm/java-1.17.0-openjdk-amd64!/java.sql.rowset" type="simple" />
            <root url="jrt:///usr/lib/jvm/java-1.17.0-openjdk-amd64!/java.transaction.xa" type="simple" />
            <root url="jrt:///usr/lib/jvm/java-1.17.0-openjdk-amd64!/java.xml" type="simple" />
            <root url="jrt:///usr/lib/jvm/java-1.17.0-openjdk-amd64!/java.xml.crypto" type="simple" />
            <root url="jrt:///usr/lib/jvm/java-1.17.0-openjdk-amd64!/jdk.accessibility" type="simple" />
            <root url="jrt:///usr/lib/jvm/java-1.17.0-openjdk-amd64!/jdk.attach" type="simple" />
            <root url="jrt:///usr/lib/jvm/java-1.17.0-openjdk-amd64!/jdk.charsets" type="simple" />
            <root url="jrt:///usr/lib/jvm/java-1.17.0-openjdk-amd64!/jdk.compiler" type="simple" />
            <root url="jrt:///usr/lib/jvm/java-1.17.0-openjdk-amd64!/jdk.crypto.cryptoki" type="simple" />
            <root url="jrt:///usr/lib/jvm/java-1.17.0-openjdk-amd64!/jdk.crypto.ec" type="simple" />
            <root url="jrt:///usr/lib/jvm/java-1.17.0-openjdk-amd64!/jdk.dynalink" type="simple" />
            <root url="jrt:///usr/lib/jvm/java-1.17.0-openjdk-amd64!/jdk.editpad" type="simple" />
            <root url="jrt:///usr/lib/jvm/java-1.17.0-openjdk-amd64!/jdk.hotspot.agent" type="simple" />
            <root url="jrt:///usr/lib/jvm/java-1.17.0-openjdk-amd64!/jdk.httpserver" type="simple" />
            <root url="jrt:///usr/lib/jvm/java-1.17.0-openjdk-amd64!/jdk.incubator.foreign" type="simple" />
            <root url="jrt:///usr/lib/jvm/java-1.17.0-openjdk-amd64!/jdk.incubator.vector" type="simple" />
            <root url="jrt:///usr/lib/jvm/java-1.17.0-openjdk-amd64!/jdk.internal.ed" type="simple" />
            <root url="jrt:///usr/lib/jvm/java-1.17.0-openjdk-amd64!/jdk.internal.jvmstat" type="simple" />
            <root url="jrt:///usr/lib/jvm/java-1.17.0-openjdk-amd64!/jdk.internal.le" type="simple" />
            <root url="jrt:///usr/lib/jvm/java-1.17.0-openjdk-amd64!/jdk.internal.opt" type="simple" />
            <root url="jrt:///usr/lib/jvm/java-1.17.0-openjdk-amd64!/jdk.internal.vm.ci" type="simple" />
            <root url="jrt:///usr/lib/jvm/java-1.17.0-openjdk-amd64!/jdk.internal.vm.compiler" type="simple" />
            <root url="jrt:///usr/lib/jvm/java-1.17.0-openjdk-amd64!/jdk.internal.vm.compiler.management" type="simple" />
            <root url="jrt:///usr/lib/jvm/java-1.17.0-openjdk-amd64!/jdk.jartool" type="simple" />
            <root url="jrt:///usr/lib/jvm/java-1.17.0-openjdk-amd64!/jdk.javadoc" type="simple" />
            <root url="jrt:///usr/lib/jvm/java-1.17.0-openjdk-amd64!/jdk.jcmd" type="simple" />
            <root url="jrt:///usr/lib/jvm/java-1.17.0-openjdk-amd64!/jdk.jconsole" type="simple" />
            <root url="jrt:///usr/lib/jvm/java-1.17.0-openjdk-amd64!/jdk.jdeps" type="simple" />
            <root url="jrt:///usr/lib/jvm/java-1.17.0-openjdk-amd64!/jdk.jdi" type="simple" />
            <root url="jrt:///usr/lib/jvm/java-1.17.0-openjdk-amd64!/jdk.jdwp.agent" type="simple" />
            <root url="jrt:///usr/lib/jvm/java-1.17.0-openjdk-amd64!/jdk.jfr" type="simple" />
            <root url="jrt:///usr/lib/jvm/java-1.17.0-openjdk-amd64!/jdk.jlink" type="simple" />
            <root url="jrt:///usr/lib/jvm/java-1.17.0-openjdk-amd64!/jdk.jpackage" type="simple" />
            <root url="jrt:///usr/lib/jvm/java-1.17.0-openjdk-amd64!/jdk.jshell" type="simple" />
            <root url="jrt:///usr/lib/jvm/java-1.17.0-openjdk-amd64!/jdk.jsobject" type="simple" />
            <root url="jrt:///usr/lib/jvm/java-1.17.0-openjdk-amd64!/jdk.jstatd" type="simple" />
            <root url="jrt:///usr/lib/jvm/java-1.17.0-openjdk-amd64!/jdk.localedata" type="simple" />
            <root url="jrt:///usr/lib/jvm/java-1.17.0-openjdk-amd64!/jdk.management" type="simple" />
            <root url="jrt:///usr/lib/jvm/java-1.17.0-openjdk-amd64!/jdk.management.agent" type="simple" />
            <root url="jrt:///usr/lib/jvm/java-1.17.0-openjdk-amd64!/jdk.management.jfr" type="simple" />
            <root url="jrt:///usr/lib/jvm/java-1.17.0-openjdk-amd64!/jdk.naming.dns" type="simple" />
            <root url="jrt:///usr/lib/jvm/java-1.17.0-openjdk-amd64!/jdk.naming.rmi" type="simple" />
            <root url="jrt:///usr/lib/jvm/java-1.17.0-openjdk-amd64!/jdk.net" type="simple" />
            <root url="jrt:///usr/lib/jvm/java-1.17.0-openjdk-amd64!/jdk.nio.mapmode" type="simple" />
            <root url="jrt:///usr/lib/jvm/java-1.17.0-openjdk-amd64!/jdk.random" type="simple" />
            <root url="jrt:///usr/lib/jvm/java-1.17.0-openjdk-amd64!/jdk.sctp" type="simple" />
            <root url="jrt:///usr/lib/jvm/java-1.17.0-openjdk-amd64!/jdk.security.auth" type="simple" />
            <root url="jrt:///usr/lib/jvm/java-1.17.0-openjdk-amd64!/jdk.security.jgss" type="simple" />
            <root url="jrt:///usr/lib/jvm/java-1.17.0-openjdk-amd64!/jdk.unsupported" type="simple" />
            <root url="jrt:///usr/lib/jvm/java-1.17.0-openjdk-amd64!/jdk.unsupported.desktop" type="simple" />
            <root url="jrt:///usr/lib/jvm/java-1.17.0-openjdk-amd64!/jdk.xml.dom" type="simple" />
            <root url="jrt:///usr/lib/jvm/java-1.17.0-openjdk-amd64!/jdk.zipfs" type="simple" />
            <root url="jrt:///usr/lib/jvm/java-17-openjdk-amd64!/java.base" type="simple" />
            <root url="jrt:///usr/lib/jvm/java-17-openjdk-amd64!/java.compiler" type="simple" />
            <root url="jrt:///usr/lib/jvm/java-17-openjdk-amd64!/java.datatransfer" type="simple" />
            <root url="jrt:///usr/lib/jvm/java-17-openjdk-amd64!/java.desktop" type="simple" />
            <root url="jrt:///usr/lib/jvm/java-17-openjdk-amd64!/java.instrument" type="simple" />
            <root url="jrt:///usr/lib/jvm/java-17-openjdk-amd64!/java.logging" type="simple" />
            <root url="jrt:///usr/lib/jvm/java-17-openjdk-amd64!/java.management" type="simple" />
            <root url="jrt:///usr/lib/jvm/java-17-openjdk-amd64!/java.management.rmi" type="simple" />
            <root url="jrt:///usr/lib/jvm/java-17-openjdk-amd64!/java.naming" type="simple" />
            <root url="jrt:///usr/lib/jvm/java-17-openjdk-amd64!/java.net.http" type="simple" />
            <root url="jrt:///usr/lib/jvm/java-17-openjdk-amd64!/java.prefs" type="simple" />
            <root url="jrt:///usr/lib/jvm/java-17-openjdk-amd64!/java.rmi" type="simple" />
            <root url="jrt:///usr/lib/jvm/java-17-openjdk-amd64!/java.scripting" type="simple" />
            <root url="jrt:///usr/lib/jvm/java-17-openjdk-amd64!/java.se" type="simple" />
            <root url="jrt:///usr/lib/jvm/java-17-openjdk-amd64!/java.security.jgss" type="simple" />
            <root url="jrt:///usr/lib/jvm/java-17-openjdk-amd64!/java.security.sasl" type="simple" />
            <root url="jrt:///usr/lib/jvm/java-17-openjdk-amd64!/java.smartcardio" type="simple" />
            <root url="jrt:///usr/lib/jvm/java-17-openjdk-amd64!/java.sql" type="simple" />
            <root url="jrt:///usr/lib/jvm/java-17-openjdk-amd64!/java.sql.rowset" type="simple" />
            <root url="jrt:///usr/lib/jvm/java-17-openjdk-amd64!/java.transaction.xa" type="simple" />
            <root url="jrt:///usr/lib/jvm/java-17-openjdk-amd64!/java.xml" type="simple" />
            <root url="jrt:///usr/lib/jvm/java-17-openjdk-amd64!/java.xml.crypto" type="simple" />
            <root url="jrt:///usr/lib/jvm/java-17-openjdk-amd64!/jdk.accessibility" type="simple" />
            <root url="jrt:///usr/lib/jvm/java-17-openjdk-amd64!/jdk.attach" type="simple" />
            <root url="jrt:///usr/lib/jvm/java-17-openjdk-amd64!/jdk.charsets" type="simple" />
            <root url="jrt:///usr/lib/jvm/java-17-openjdk-amd64!/jdk.compiler" type="simple" />
            <root url="jrt:///usr/lib/jvm/java-17-openjdk-amd64!/jdk.crypto.cryptoki" type="simple" />
            <root url="jrt:///usr/lib/jvm/java-17-openjdk-amd64!/jdk.crypto.ec" type="simple" />
            <root url="jrt:///usr/lib/jvm/java-17-openjdk-amd64!/jdk.dynalink" type="simple" />
            <root url="jrt:///usr/lib/jvm/java-17-openjdk-amd64!/jdk.editpad" type="simple" />
            <root url="jrt:///usr/lib/jvm/java-17-openjdk-amd64!/jdk.hotspot.agent" type="simple" />
            <root url="jrt:///usr/lib/jvm/java-17-openjdk-amd64!/jdk.httpserver" type="simple" />
            <root url="jrt:///usr/lib/jvm/java-17-openjdk-amd64!/jdk.incubator.foreign" type="simple" />
            <root url="jrt:///usr/lib/jvm/java-17-openjdk-amd64!/jdk.incubator.vector" type="simple" />
            <root url="jrt:///usr/lib/jvm/java-17-openjdk-amd64!/jdk.internal.ed" type="simple" />
            <root url="jrt:///usr/lib/jvm/java-17-openjdk-amd64!/jdk.internal.jvmstat" type="simple" />
            <root url="jrt:///usr/lib/jvm/java-17-openjdk-amd64!/jdk.internal.le" type="simple" />
            <root url="jrt:///usr/lib/jvm/java-17-openjdk-amd64!/jdk.internal.opt" type="simple" />
            <root url="jrt:///usr/lib/jvm/java-17-openjdk-amd64!/jdk.internal.vm.ci" type="simple" />
            <root url="jrt:///usr/lib/jvm/java-17-openjdk-amd64!/jdk.internal.vm.compiler" type="simple" />
            <root url="jrt:///usr/lib/jvm/java-17-openjdk-amd64!/jdk.internal.vm.compiler.management" type="simple" />
            <root url="jrt:///usr/lib/jvm/java-17-openjdk-amd64!/jdk.jartool" type="simple" />
            <root url="jrt:///usr/lib/jvm/java-17-openjdk-amd64!/jdk.javadoc" type="simple" />
            <root url="jrt:///usr/lib/jvm/java-17-openjdk-amd64!/jdk.jcmd" type="simple" />
            <root url="jrt:///usr/lib/jvm/java-17-openjdk-amd64!/jdk.jconsole" type="simple" />
            <root url="jrt:///usr/lib/jvm/java-17-openjdk-amd64!/jdk.jdeps" type="simple" />
            <root url="jrt:///usr/lib/jvm/java-17-openjdk-amd64!/jdk.jdi" type="simple" />
            <root url="jrt:///usr/lib/jvm/java-17-openjdk-amd64!/jdk.jdwp.agent" type="simple" />
            <root url="jrt:///usr/lib/jvm/java-17-openjdk-amd64!/jdk.jfr" type="simple" />
            <root url="jrt:///usr/lib/jvm/java-17-openjdk-amd64!/jdk.jlink" type="simple" />
            <root url="jrt:///usr/lib/jvm/java-17-openjdk-amd64!/jdk.jpackage" type="simple" />
            <root url="jrt:///usr/lib/jvm/java-17-openjdk-amd64!/jdk.jshell" type="simple" />
            <root url="jrt:///usr/lib/jvm/java-17-openjdk-amd64!/jdk.jsobject" type="simple" />
            <root url="jrt:///usr/lib/jvm/java-17-openjdk-amd64!/jdk.jstatd" type="simple" />
            <root url="jrt:///usr/lib/jvm/java-17-openjdk-amd64!/jdk.localedata" type="simple" />
            <root url="jrt:///usr/lib/jvm/java-17-openjdk-amd64!/jdk.management" type="simple" />
            <root url="jrt:///usr/lib/jvm/java-17-openjdk-amd64!/jdk.management.agent" type="simple" />
            <root url="jrt:///usr/lib/jvm/java-17-openjdk-amd64!/jdk.management.jfr" type="simple" />
            <root url="jrt:///usr/lib/jvm/java-17-openjdk-amd64!/jdk.naming.dns" type="simple" />
            <root url="jrt:///usr/lib/jvm/java-17-openjdk-amd64!/jdk.naming.rmi" type="simple" />
            <root url="jrt:///usr/lib/jvm/java-17-openjdk-amd64!/jdk.net" type="simple" />
            <root url="jrt:///usr/lib/jvm/java-17-openjdk-amd64!/jdk.nio.mapmode" type="simple" />
            <root url="jrt:///usr/lib/jvm/java-17-openjdk-amd64!/jdk.random" type="simple" />
            <root url="jrt:///usr/lib/jvm/java-17-openjdk-amd64!/jdk.sctp" type="simple" />
            <root url="jrt:///usr/lib/jvm/java-17-openjdk-amd64!/jdk.security.auth" type="simple" />
            <root url="jrt:///usr/lib/jvm/java-17-openjdk-amd64!/jdk.security.jgss" type="simple" />
            <root url="jrt:///usr/lib/jvm/java-17-openjdk-amd64!/jdk.unsupported" type="simple" />
            <root url="jrt:///usr/lib/jvm/java-17-openjdk-amd64!/jdk.unsupported.desktop" type="simple" />
            <root url="jrt:///usr/lib/jvm/java-17-openjdk-amd64!/jdk.xml.dom" type="simple" />
            <root url="jrt:///usr/lib/jvm/java-17-openjdk-amd64!/jdk.zipfs" type="simple" />
            <root url="jrt://$USER_HOME$/C:/Program Files/Java/jdk-17.0.3.1!/java.base" type="simple" />
            <root url="jrt://$USER_HOME$/C:/Program Files/Java/jdk-17.0.3.1!/java.compiler" type="simple" />
            <root url="jrt://$USER_HOME$/C:/Program Files/Java/jdk-17.0.3.1!/java.datatransfer" type="simple" />
            <root url="jrt://$USER_HOME$/C:/Program Files/Java/jdk-17.0.3.1!/java.desktop" type="simple" />
            <root url="jrt://$USER_HOME$/C:/Program Files/Java/jdk-17.0.3.1!/java.instrument" type="simple" />
            <root url="jrt://$USER_HOME$/C:/Program Files/Java/jdk-17.0.3.1!/java.logging" type="simple" />
            <root url="jrt://$USER_HOME$/C:/Program Files/Java/jdk-17.0.3.1!/java.management" type="simple" />
            <root url="jrt://$USER_HOME$/C:/Program Files/Java/jdk-17.0.3.1!/java.management.rmi" type="simple" />
            <root url="jrt://$USER_HOME$/C:/Program Files/Java/jdk-17.0.3.1!/java.naming" type="simple" />
            <root url="jrt://$USER_HOME$/C:/Program Files/Java/jdk-17.0.3.1!/java.net.http" type="simple" />
            <root url="jrt://$USER_HOME$/C:/Program Files/Java/jdk-17.0.3.1!/java.prefs" type="simple" />
            <root url="jrt://$USER_HOME$/C:/Program Files/Java/jdk-17.0.3.1!/java.rmi" type="simple" />
            <root url="jrt://$USER_HOME$/C:/Program Files/Java/jdk-17.0.3.1!/java.scripting" type="simple" />
            <root url="jrt://$USER_HOME$/C:/Program Files/Java/jdk-17.0.3.1!/java.se" type="simple" />
            <root url="jrt://$USER_HOME$/C:/Program Files/Java/jdk-17.0.3.1!/java.security.jgss" type="simple" />
            <root url="jrt://$USER_HOME$/C:/Program Files/Java/jdk-17.0.3.1!/java.security.sasl" type="simple" />
            <root url="jrt://$USER_HOME$/C:/Program Files/Java/jdk-17.0.3.1!/java.smartcardio" type="simple" />
            <root url="jrt://$USER_HOME$/C:/Program Files/Java/jdk-17.0.3.1!/java.sql" type="simple" />
            <root url="jrt://$USER_HOME$/C:/Program Files/Java/jdk-17.0.3.1!/java.sql.rowset" type="simple" />
            <root url="jrt://$USER_HOME$/C:/Program Files/Java/jdk-17.0.3.1!/java.transaction.xa" type="simple" />
            <root url="jrt://$USER_HOME$/C:/Program Files/Java/jdk-17.0.3.1!/java.xml" type="simple" />
            <root url="jrt://$USER_HOME$/C:/Program Files/Java/jdk-17.0.3.1!/java.xml.crypto" type="simple" />
            <root url="jrt://$USER_HOME$/C:/Program Files/Java/jdk-17.0.3.1!/jdk.accessibility" type="simple" />
            <root url="jrt://$USER_HOME$/C:/Program Files/Java/jdk-17.0.3.1!/jdk.attach" type="simple" />
            <root url="jrt://$USER_HOME$/C:/Program Files/Java/jdk-17.0.3.1!/jdk.charsets" type="simple" />
            <root url="jrt://$USER_HOME$/C:/Program Files/Java/jdk-17.0.3.1!/jdk.compiler" type="simple" />
            <root url="jrt://$USER_HOME$/C:/Program Files/Java/jdk-17.0.3.1!/jdk.crypto.cryptoki" type="simple" />
            <root url="jrt://$USER_HOME$/C:/Program Files/Java/jdk-17.0.3.1!/jdk.crypto.ec" type="simple" />
            <root url="jrt://$USER_HOME$/C:/Program Files/Java/jdk-17.0.3.1!/jdk.crypto.mscapi" type="simple" />
            <root url="jrt://$USER_HOME$/C:/Program Files/Java/jdk-17.0.3.1!/jdk.dynalink" type="simple" />
            <root url="jrt://$USER_HOME$/C:/Program Files/Java/jdk-17.0.3.1!/jdk.editpad" type="simple" />
            <root url="jrt://$USER_HOME$/C:/Program Files/Java/jdk-17.0.3.1!/jdk.hotspot.agent" type="simple" />
            <root url="jrt://$USER_HOME$/C:/Program Files/Java/jdk-17.0.3.1!/jdk.httpserver" type="simple" />
            <root url="jrt://$USER_HOME$/C:/Program Files/Java/jdk-17.0.3.1!/jdk.incubator.foreign" type="simple" />
            <root url="jrt://$USER_HOME$/C:/Program Files/Java/jdk-17.0.3.1!/jdk.incubator.vector" type="simple" />
            <root url="jrt://$USER_HOME$/C:/Program Files/Java/jdk-17.0.3.1!/jdk.internal.ed" type="simple" />
            <root url="jrt://$USER_HOME$/C:/Program Files/Java/jdk-17.0.3.1!/jdk.internal.jvmstat" type="simple" />
            <root url="jrt://$USER_HOME$/C:/Program Files/Java/jdk-17.0.3.1!/jdk.internal.le" type="simple" />
            <root url="jrt://$USER_HOME$/C:/Program Files/Java/jdk-17.0.3.1!/jdk.internal.opt" type="simple" />
            <root url="jrt://$USER_HOME$/C:/Program Files/Java/jdk-17.0.3.1!/jdk.internal.vm.ci" type="simple" />
            <root url="jrt://$USER_HOME$/C:/Program Files/Java/jdk-17.0.3.1!/jdk.internal.vm.compiler" type="simple" />
            <root url="jrt://$USER_HOME$/C:/Program Files/Java/jdk-17.0.3.1!/jdk.internal.vm.compiler.management" type="simple" />
            <root url="jrt://$USER_HOME$/C:/Program Files/Java/jdk-17.0.3.1!/jdk.jartool" type="simple" />
            <root url="jrt://$USER_HOME$/C:/Program Files/Java/jdk-17.0.3.1!/jdk.javadoc" type="simple" />
            <root url="jrt://$USER_HOME$/C:/Program Files/Java/jdk-17.0.3.1!/jdk.jcmd" type="simple" />
            <root url="jrt://$USER_HOME$/C:/Program Files/Java/jdk-17.0.3.1!/jdk.jconsole" type="simple" />
            <root url="jrt://$USER_HOME$/C:/Program Files/Java/jdk-17.0.3.1!/jdk.jdeps" type="simple" />
            <root url="jrt://$USER_HOME$/C:/Program Files/Java/jdk-17.0.3.1!/jdk.jdi" type="simple" />
            <root url="jrt://$USER_HOME$/C:/Program Files/Java/jdk-17.0.3.1!/jdk.jdwp.agent" type="simple" />
            <root url="jrt://$USER_HOME$/C:/Program Files/Java/jdk-17.0.3.1!/jdk.jfr" type="simple" />
            <root url="jrt://$USER_HOME$/C:/Program Files/Java/jdk-17.0.3.1!/jdk.jlink" type="simple" />
            <root url="jrt://$USER_HOME$/C:/Program Files/Java/jdk-17.0.3.1!/jdk.jpackage" type="simple" />
            <root url="jrt://$USER_HOME$/C:/Program Files/Java/jdk-17.0.3.1!/jdk.jshell" type="simple" />
            <root url="jrt://$USER_HOME$/C:/Program Files/Java/jdk-17.0.3.1!/jdk.jsobject" type="simple" />
            <root url="jrt://$USER_HOME$/C:/Program Files/Java/jdk-17.0.3.1!/jdk.jstatd" type="simple" />
            <root url="jrt://$USER_HOME$/C:/Program Files/Java/jdk-17.0.3.1!/jdk.localedata" type="simple" />
            <root url="jrt://$USER_HOME$/C:/Program Files/Java/jdk-17.0.3.1!/jdk.management" type="simple" />
            <root url="jrt://$USER_HOME$/C:/Program Files/Java/jdk-17.0.3.1!/jdk.management.agent" type="simple" />
            <root url="jrt://$USER_HOME$/C:/Program Files/Java/jdk-17.0.3.1!/jdk.management.jfr" type="simple" />
            <root url="jrt://$USER_HOME$/C:/Program Files/Java/jdk-17.0.3.1!/jdk.naming.dns" type="simple" />
            <root url="jrt://$USER_HOME$/C:/Program Files/Java/jdk-17.0.3.1!/jdk.naming.rmi" type="simple" />
            <root url="jrt://$USER_HOME$/C:/Program Files/Java/jdk-17.0.3.1!/jdk.net" type="simple" />
            <root url="jrt://$USER_HOME$/C:/Program Files/Java/jdk-17.0.3.1!/jdk.nio.mapmode" type="simple" />
            <root url="jrt://$USER_HOME$/C:/Program Files/Java/jdk-17.0.3.1!/jdk.random" type="simple" />
            <root url="jrt://$USER_HOME$/C:/Program Files/Java/jdk-17.0.3.1!/jdk.sctp" type="simple" />
            <root url="jrt://$USER_HOME$/C:/Program Files/Java/jdk-17.0.3.1!/jdk.security.auth" type="simple" />
            <root url="jrt://$USER_HOME$/C:/Program Files/Java/jdk-17.0.3.1!/jdk.security.jgss" type="simple" />
            <root url="jrt://$USER_HOME$/C:/Program Files/Java/jdk-17.0.3.1!/jdk.unsupported" type="simple" />
            <root url="jrt://$USER_HOME$/C:/Program Files/Java/jdk-17.0.3.1!/jdk.unsupported.desktop" type="simple" />
            <root url="jrt://$USER_HOME$/C:/Program Files/Java/jdk-17.0.3.1!/jdk.xml.dom" type="simple" />
            <root url="jrt://$USER_HOME$/C:/Program Files/Java/jdk-17.0.3.1!/jdk.zipfs" type="simple" />
          </root>
        </classPath>
        <sourcePath>
          <root type="composite">
            <root url="jar://$USER_HOME$/C:/Program Files/Java/jdk-17.0.3.1/lib/src.zip!/java.se" type="simple" />
            <root url="jar://$USER_HOME$/C:/Program Files/Java/jdk-17.0.3.1/lib/src.zip!/jdk.jdi" type="simple" />
            <root url="jar://$USER_HOME$/C:/Program Files/Java/jdk-17.0.3.1/lib/src.zip!/jdk.jfr" type="simple" />
            <root url="jar://$USER_HOME$/C:/Program Files/Java/jdk-17.0.3.1/lib/src.zip!/jdk.net" type="simple" />
            <root url="jar://$USER_HOME$/C:/Program Files/Java/jdk-17.0.3.1/lib/src.zip!/java.rmi" type="simple" />
            <root url="jar://$USER_HOME$/C:/Program Files/Java/jdk-17.0.3.1/lib/src.zip!/java.sql" type="simple" />
            <root url="jar://$USER_HOME$/C:/Program Files/Java/jdk-17.0.3.1/lib/src.zip!/java.xml" type="simple" />
            <root url="jar://$USER_HOME$/C:/Program Files/Java/jdk-17.0.3.1/lib/src.zip!/jdk.jcmd" type="simple" />
            <root url="jar://$USER_HOME$/C:/Program Files/Java/jdk-17.0.3.1/lib/src.zip!/jdk.sctp" type="simple" />
            <root url="jar://$USER_HOME$/C:/Program Files/Java/jdk-17.0.3.1/lib/src.zip!/java.base" type="simple" />
            <root url="jar://$USER_HOME$/C:/Program Files/Java/jdk-17.0.3.1/lib/src.zip!/jdk.jdeps" type="simple" />
            <root url="jar://$USER_HOME$/C:/Program Files/Java/jdk-17.0.3.1/lib/src.zip!/jdk.jlink" type="simple" />
            <root url="jar://$USER_HOME$/C:/Program Files/Java/jdk-17.0.3.1/lib/src.zip!/jdk.zipfs" type="simple" />
            <root url="jar://$USER_HOME$/C:/Program Files/Java/jdk-17.0.3.1/lib/src.zip!/java.prefs" type="simple" />
            <root url="jar://$USER_HOME$/C:/Program Files/Java/jdk-17.0.3.1/lib/src.zip!/jdk.attach" type="simple" />
            <root url="jar://$USER_HOME$/C:/Program Files/Java/jdk-17.0.3.1/lib/src.zip!/jdk.jshell" type="simple" />
            <root url="jar://$USER_HOME$/C:/Program Files/Java/jdk-17.0.3.1/lib/src.zip!/jdk.jstatd" type="simple" />
            <root url="jar://$USER_HOME$/C:/Program Files/Java/jdk-17.0.3.1/lib/src.zip!/jdk.random" type="simple" />
            <root url="jar://$USER_HOME$/C:/Program Files/Java/jdk-17.0.3.1/lib/src.zip!/java.naming" type="simple" />
            <root url="jar://$USER_HOME$/C:/Program Files/Java/jdk-17.0.3.1/lib/src.zip!/jdk.editpad" type="simple" />
            <root url="jar://$USER_HOME$/C:/Program Files/Java/jdk-17.0.3.1/lib/src.zip!/jdk.jartool" type="simple" />
            <root url="jar://$USER_HOME$/C:/Program Files/Java/jdk-17.0.3.1/lib/src.zip!/jdk.javadoc" type="simple" />
            <root url="jar://$USER_HOME$/C:/Program Files/Java/jdk-17.0.3.1/lib/src.zip!/jdk.xml.dom" type="simple" />
            <root url="jar://$USER_HOME$/C:/Program Files/Java/jdk-17.0.3.1/lib/src.zip!/java.desktop" type="simple" />
            <root url="jar://$USER_HOME$/C:/Program Files/Java/jdk-17.0.3.1/lib/src.zip!/java.logging" type="simple" />
            <root url="jar://$USER_HOME$/C:/Program Files/Java/jdk-17.0.3.1/lib/src.zip!/jdk.charsets" type="simple" />
            <root url="jar://$USER_HOME$/C:/Program Files/Java/jdk-17.0.3.1/lib/src.zip!/jdk.compiler" type="simple" />
            <root url="jar://$USER_HOME$/C:/Program Files/Java/jdk-17.0.3.1/lib/src.zip!/jdk.dynalink" type="simple" />
            <root url="jar://$USER_HOME$/C:/Program Files/Java/jdk-17.0.3.1/lib/src.zip!/jdk.jconsole" type="simple" />
            <root url="jar://$USER_HOME$/C:/Program Files/Java/jdk-17.0.3.1/lib/src.zip!/jdk.jpackage" type="simple" />
            <root url="jar://$USER_HOME$/C:/Program Files/Java/jdk-17.0.3.1/lib/src.zip!/jdk.jsobject" type="simple" />
            <root url="jar://$USER_HOME$/C:/Program Files/Java/jdk-17.0.3.1/lib/src.zip!/java.compiler" type="simple" />
            <root url="jar://$USER_HOME$/C:/Program Files/Java/jdk-17.0.3.1/lib/src.zip!/java.net.http" type="simple" />
            <root url="jar://$USER_HOME$/C:/Program Files/Java/jdk-17.0.3.1/lib/src.zip!/jdk.crypto.ec" type="simple" />
            <root url="jar://$USER_HOME$/C:/Program Files/Java/jdk-17.0.3.1/lib/src.zip!/java.scripting" type="simple" />
            <root url="jar://$USER_HOME$/C:/Program Files/Java/jdk-17.0.3.1/lib/src.zip!/jdk.httpserver" type="simple" />
            <root url="jar://$USER_HOME$/C:/Program Files/Java/jdk-17.0.3.1/lib/src.zip!/jdk.jdwp.agent" type="simple" />
            <root url="jar://$USER_HOME$/C:/Program Files/Java/jdk-17.0.3.1/lib/src.zip!/jdk.localedata" type="simple" />
            <root url="jar://$USER_HOME$/C:/Program Files/Java/jdk-17.0.3.1/lib/src.zip!/jdk.management" type="simple" />
            <root url="jar://$USER_HOME$/C:/Program Files/Java/jdk-17.0.3.1/lib/src.zip!/jdk.naming.dns" type="simple" />
            <root url="jar://$USER_HOME$/C:/Program Files/Java/jdk-17.0.3.1/lib/src.zip!/jdk.naming.rmi" type="simple" />
            <root url="jar://$USER_HOME$/C:/Program Files/Java/jdk-17.0.3.1/lib/src.zip!/java.instrument" type="simple" />
            <root url="jar://$USER_HOME$/C:/Program Files/Java/jdk-17.0.3.1/lib/src.zip!/java.management" type="simple" />
            <root url="jar://$USER_HOME$/C:/Program Files/Java/jdk-17.0.3.1/lib/src.zip!/java.sql.rowset" type="simple" />
            <root url="jar://$USER_HOME$/C:/Program Files/Java/jdk-17.0.3.1/lib/src.zip!/java.xml.crypto" type="simple" />
            <root url="jar://$USER_HOME$/C:/Program Files/Java/jdk-17.0.3.1/lib/src.zip!/jdk.internal.ed" type="simple" />
            <root url="jar://$USER_HOME$/C:/Program Files/Java/jdk-17.0.3.1/lib/src.zip!/jdk.internal.le" type="simple" />
            <root url="jar://$USER_HOME$/C:/Program Files/Java/jdk-17.0.3.1/lib/src.zip!/jdk.nio.mapmode" type="simple" />
            <root url="jar://$USER_HOME$/C:/Program Files/Java/jdk-17.0.3.1/lib/src.zip!/jdk.unsupported" type="simple" />
            <root url="jar://$USER_HOME$/C:/Program Files/Java/jdk-17.0.3.1/lib/src.zip!/java.smartcardio" type="simple" />
            <root url="jar://$USER_HOME$/C:/Program Files/Java/jdk-17.0.3.1/lib/src.zip!/jdk.internal.opt" type="simple" />
            <root url="jar://$USER_HOME$/C:/Program Files/Java/jdk-17.0.3.1/lib/src.zip!/java.datatransfer" type="simple" />
            <root url="jar://$USER_HOME$/C:/Program Files/Java/jdk-17.0.3.1/lib/src.zip!/jdk.accessibility" type="simple" />
            <root url="jar://$USER_HOME$/C:/Program Files/Java/jdk-17.0.3.1/lib/src.zip!/jdk.crypto.mscapi" type="simple" />
            <root url="jar://$USER_HOME$/C:/Program Files/Java/jdk-17.0.3.1/lib/src.zip!/jdk.hotspot.agent" type="simple" />
            <root url="jar://$USER_HOME$/C:/Program Files/Java/jdk-17.0.3.1/lib/src.zip!/jdk.security.auth" type="simple" />
            <root url="jar://$USER_HOME$/C:/Program Files/Java/jdk-17.0.3.1/lib/src.zip!/jdk.security.jgss" type="simple" />
            <root url="jar://$USER_HOME$/C:/Program Files/Java/jdk-17.0.3.1/lib/src.zip!/java.security.jgss" type="simple" />
            <root url="jar://$USER_HOME$/C:/Program Files/Java/jdk-17.0.3.1/lib/src.zip!/java.security.sasl" type="simple" />
            <root url="jar://$USER_HOME$/C:/Program Files/Java/jdk-17.0.3.1/lib/src.zip!/jdk.internal.vm.ci" type="simple" />
            <root url="jar://$USER_HOME$/C:/Program Files/Java/jdk-17.0.3.1/lib/src.zip!/jdk.management.jfr" type="simple" />
            <root url="jar://$USER_HOME$/C:/Program Files/Java/jdk-17.0.3.1/lib/src.zip!/java.management.rmi" type="simple" />
            <root url="jar://$USER_HOME$/C:/Program Files/Java/jdk-17.0.3.1/lib/src.zip!/java.transaction.xa" type="simple" />
            <root url="jar://$USER_HOME$/C:/Program Files/Java/jdk-17.0.3.1/lib/src.zip!/jdk.crypto.cryptoki" type="simple" />
            <root url="jar://$USER_HOME$/C:/Program Files/Java/jdk-17.0.3.1/lib/src.zip!/jdk.incubator.vector" type="simple" />
            <root url="jar://$USER_HOME$/C:/Program Files/Java/jdk-17.0.3.1/lib/src.zip!/jdk.internal.jvmstat" type="simple" />
            <root url="jar://$USER_HOME$/C:/Program Files/Java/jdk-17.0.3.1/lib/src.zip!/jdk.management.agent" type="simple" />
            <root url="jar://$USER_HOME$/C:/Program Files/Java/jdk-17.0.3.1/lib/src.zip!/jdk.incubator.foreign" type="simple" />
            <root url="jar://$USER_HOME$/C:/Program Files/Java/jdk-17.0.3.1/lib/src.zip!/jdk.unsupported.desktop" type="simple" />
            <root url="jar://$USER_HOME$/C:/Program Files/Java/jdk-17.0.3.1/lib/src.zip!/jdk.internal.vm.compiler" type="simple" />
            <root url="jar://$USER_HOME$/C:/Program Files/Java/jdk-17.0.3.1/lib/src.zip!/jdk.internal.vm.compiler.management" type="simple" />
          </root>
        </sourcePath>
      </roots>
      <additional />
    </jdk>
    <jdk version="2">
      <name value="Kotlin SDK" />
      <type value="KotlinSDK" />
      <homePath value="" />
      <roots>
        <classPath>
          <root type="composite" />
        </classPath>
        <sourcePath>
          <root type="composite" />
        </sourcePath>
      </roots>
      <additional />
    </jdk>
    <jdk version="2">
      <name value="Python 3.10" />
      <type value="Python SDK" />
      <version value="Python 3.10.12" />
      <homePath value="/usr/bin/python3" />
      <roots>
        <classPath>
          <root type="composite">
            <root url="file:///usr/lib/python3.10" type="simple" />
            <root url="file:///usr/lib/python3.10/lib-dynload" type="simple" />
            <root url="file://$USER_HOME$/.local/lib/python3.10/site-packages" type="simple" />
            <root url="file:///usr/local/lib/python3.10/dist-packages" type="simple" />
            <root url="file:///usr/lib/python3/dist-packages" type="simple" />
            <root url="file://$USER_HOME$/.cache/JetBrains/IdeaIC2023.3/python_stubs/-2066100795" type="simple" />
            <root url="file://$APPLICATION_PLUGINS_DIR$/python-ce/helpers/python-skeletons" type="simple" />
            <root url="file://$APPLICATION_PLUGINS_DIR$/python-ce/helpers/typeshed/stdlib" type="simple" />
            <root url="file://$APPLICATION_PLUGINS_DIR$/python-ce/helpers/typeshed/stubs/gdb" type="simple" />
            <root url="file://$APPLICATION_PLUGINS_DIR$/python-ce/helpers/typeshed/stubs/six" type="simple" />
            <root url="file://$APPLICATION_PLUGINS_DIR$/python-ce/helpers/typeshed/stubs/boto" type="simple" />
            <root url="file://$APPLICATION_PLUGINS_DIR$/python-ce/helpers/typeshed/stubs/cffi" type="simple" />
            <root url="file://$APPLICATION_PLUGINS_DIR$/python-ce/helpers/typeshed/stubs/mock" type="simple" />
            <root url="file://$APPLICATION_PLUGINS_DIR$/python-ce/helpers/typeshed/stubs/pika" type="simple" />
            <root url="file://$APPLICATION_PLUGINS_DIR$/python-ce/helpers/typeshed/stubs/pytz" type="simple" />
            <root url="file://$APPLICATION_PLUGINS_DIR$/python-ce/helpers/typeshed/stubs/toml" type="simple" />
            <root url="file://$APPLICATION_PLUGINS_DIR$/python-ce/helpers/typeshed/stubs/tqdm" type="simple" />
            <root url="file://$APPLICATION_PLUGINS_DIR$/python-ce/helpers/typeshed/stubs/zstd" type="simple" />
            <root url="file://$APPLICATION_PLUGINS_DIR$/python-ce/helpers/typeshed/stubs/WebOb" type="simple" />
            <root url="file://$APPLICATION_PLUGINS_DIR$/python-ce/helpers/typeshed/stubs/first" type="simple" />
            <root url="file://$APPLICATION_PLUGINS_DIR$/python-ce/helpers/typeshed/stubs/fpdf2" type="simple" />
            <root url="file://$APPLICATION_PLUGINS_DIR$/python-ce/helpers/typeshed/stubs/ldap3" type="simple" />
            <root url="file://$APPLICATION_PLUGINS_DIR$/python-ce/helpers/typeshed/stubs/polib" type="simple" />
            <root url="file://$APPLICATION_PLUGINS_DIR$/python-ce/helpers/typeshed/stubs/pyjks" type="simple" />
            <root url="file://$APPLICATION_PLUGINS_DIR$/python-ce/helpers/typeshed/stubs/redis" type="simple" />
            <root url="file://$APPLICATION_PLUGINS_DIR$/python-ce/helpers/typeshed/stubs/regex" type="simple" />
            <root url="file://$APPLICATION_PLUGINS_DIR$/python-ce/helpers/typeshed/stubs/retry" type="simple" />
            <root url="file://$APPLICATION_PLUGINS_DIR$/python-ce/helpers/typeshed/stubs/uWSGI" type="simple" />
            <root url="file://$APPLICATION_PLUGINS_DIR$/python-ce/helpers/typeshed/stubs/ujson" type="simple" />
            <root url="file://$APPLICATION_PLUGINS_DIR$/python-ce/helpers/typeshed/stubs/Pillow" type="simple" />
            <root url="file://$APPLICATION_PLUGINS_DIR$/python-ce/helpers/typeshed/stubs/PyYAML" type="simple" />
            <root url="file://$APPLICATION_PLUGINS_DIR$/python-ce/helpers/typeshed/stubs/bleach" type="simple" />
            <root url="file://$APPLICATION_PLUGINS_DIR$/python-ce/helpers/typeshed/stubs/caldav" type="simple" />
            <root url="file://$APPLICATION_PLUGINS_DIR$/python-ce/helpers/typeshed/stubs/docopt" type="simple" />
            <root url="file://$APPLICATION_PLUGINS_DIR$/python-ce/helpers/typeshed/stubs/hdbcli" type="simple" />
            <root url="file://$APPLICATION_PLUGINS_DIR$/python-ce/helpers/typeshed/stubs/ibm-db" type="simple" />
            <root url="file://$APPLICATION_PLUGINS_DIR$/python-ce/helpers/typeshed/stubs/invoke" type="simple" />
            <root url="file://$APPLICATION_PLUGINS_DIR$/python-ce/helpers/typeshed/stubs/passpy" type="simple" />
            <root url="file://$APPLICATION_PLUGINS_DIR$/python-ce/helpers/typeshed/stubs/peewee" type="simple" />
            <root url="file://$APPLICATION_PLUGINS_DIR$/python-ce/helpers/typeshed/stubs/pluggy" type="simple" />
            <root url="file://$APPLICATION_PLUGINS_DIR$/python-ce/helpers/typeshed/stubs/psutil" type="simple" />
            <root url="file://$APPLICATION_PLUGINS_DIR$/python-ce/helpers/typeshed/stubs/pyasn1" type="simple" />
            <root url="file://$APPLICATION_PLUGINS_DIR$/python-ce/helpers/typeshed/stubs/pycurl" type="simple" />
            <root url="file://$APPLICATION_PLUGINS_DIR$/python-ce/helpers/typeshed/stubs/pynput" type="simple" />
            <root url="file://$APPLICATION_PLUGINS_DIR$/python-ce/helpers/typeshed/stubs/pysftp" type="simple" />
            <root url="file://$APPLICATION_PLUGINS_DIR$/python-ce/helpers/typeshed/stubs/qrcode" type="simple" />
            <root url="file://$APPLICATION_PLUGINS_DIR$/python-ce/helpers/typeshed/stubs/stripe" type="simple" />
            <root url="file://$APPLICATION_PLUGINS_DIR$/python-ce/helpers/typeshed/stubs/zxcvbn" type="simple" />
            <root url="file://$APPLICATION_PLUGINS_DIR$/python-ce/helpers/typeshed/stubs/PyMySQL" type="simple" />
            <root url="file://$APPLICATION_PLUGINS_DIR$/python-ce/helpers/typeshed/stubs/WTForms" type="simple" />
            <root url="file://$APPLICATION_PLUGINS_DIR$/python-ce/helpers/typeshed/stubs/boltons" type="simple" />
            <root url="file://$APPLICATION_PLUGINS_DIR$/python-ce/helpers/typeshed/stubs/chevron" type="simple" />
            <root url="file://$APPLICATION_PLUGINS_DIR$/python-ce/helpers/typeshed/stubs/inifile" type="simple" />
            <root url="file://$APPLICATION_PLUGINS_DIR$/python-ce/helpers/typeshed/stubs/libsass" type="simple" />
            <root url="file://$APPLICATION_PLUGINS_DIR$/python-ce/helpers/typeshed/stubs/netaddr" type="simple" />
            <root url="file://$APPLICATION_PLUGINS_DIR$/python-ce/helpers/typeshed/stubs/passlib" type="simple" />
            <root url="file://$APPLICATION_PLUGINS_DIR$/python-ce/helpers/typeshed/stubs/pexpect" type="simple" />
            <root url="file://$APPLICATION_PLUGINS_DIR$/python-ce/helpers/typeshed/stubs/pyaudio" type="simple" />
            <root url="file://$APPLICATION_PLUGINS_DIR$/python-ce/helpers/typeshed/stubs/pyvmomi" type="simple" />
            <root url="file://$APPLICATION_PLUGINS_DIR$/python-ce/helpers/typeshed/stubs/pywin32" type="simple" />
            <root url="file://$APPLICATION_PLUGINS_DIR$/python-ce/helpers/typeshed/stubs/slumber" type="simple" />
            <root url="file://$APPLICATION_PLUGINS_DIR$/python-ce/helpers/typeshed/stubs/tzlocal" type="simple" />
            <root url="file://$APPLICATION_PLUGINS_DIR$/python-ce/helpers/typeshed/stubs/vobject" type="simple" />
            <root url="file://$APPLICATION_PLUGINS_DIR$/python-ce/helpers/typeshed/stubs/ExifRead" type="simple" />
            <root url="file://$APPLICATION_PLUGINS_DIR$/python-ce/helpers/typeshed/stubs/Markdown" type="simple" />
            <root url="file://$APPLICATION_PLUGINS_DIR$/python-ce/helpers/typeshed/stubs/Pygments" type="simple" />
            <root url="file://$APPLICATION_PLUGINS_DIR$/python-ce/helpers/typeshed/stubs/aiofiles" type="simple" />
            <root url="file://$APPLICATION_PLUGINS_DIR$/python-ce/helpers/typeshed/stubs/colorama" type="simple" />
            <root url="file://$APPLICATION_PLUGINS_DIR$/python-ce/helpers/typeshed/stubs/croniter" type="simple" />
            <root url="file://$APPLICATION_PLUGINS_DIR$/python-ce/helpers/typeshed/stubs/docutils" type="simple" />
            <root url="file://$APPLICATION_PLUGINS_DIR$/python-ce/helpers/typeshed/stubs/greenlet" type="simple" />
            <root url="file://$APPLICATION_PLUGINS_DIR$/python-ce/helpers/typeshed/stubs/html5lib" type="simple" />
            <root url="file://$APPLICATION_PLUGINS_DIR$/python-ce/helpers/typeshed/stubs/httplib2" type="simple" />
            <root url="file://$APPLICATION_PLUGINS_DIR$/python-ce/helpers/typeshed/stubs/jmespath" type="simple" />
            <root url="file://$APPLICATION_PLUGINS_DIR$/python-ce/helpers/typeshed/stubs/keyboard" type="simple" />
            <root url="file://$APPLICATION_PLUGINS_DIR$/python-ce/helpers/typeshed/stubs/oauthlib" type="simple" />
            <root url="file://$APPLICATION_PLUGINS_DIR$/python-ce/helpers/typeshed/stubs/openpyxl" type="simple" />
            <root url="file://$APPLICATION_PLUGINS_DIR$/python-ce/helpers/typeshed/stubs/paramiko" type="simple" />
            <root url="file://$APPLICATION_PLUGINS_DIR$/python-ce/helpers/typeshed/stubs/psycopg2" type="simple" />
            <root url="file://$APPLICATION_PLUGINS_DIR$/python-ce/helpers/typeshed/stubs/pyflakes" type="simple" />
            <root url="file://$APPLICATION_PLUGINS_DIR$/python-ce/helpers/typeshed/stubs/pyserial" type="simple" />
            <root url="file://$APPLICATION_PLUGINS_DIR$/python-ce/helpers/typeshed/stubs/requests" type="simple" />
            <root url="file://$APPLICATION_PLUGINS_DIR$/python-ce/helpers/typeshed/stubs/tabulate" type="simple" />
            <root url="file://$APPLICATION_PLUGINS_DIR$/python-ce/helpers/typeshed/stubs/toposort" type="simple" />
            <root url="file://$APPLICATION_PLUGINS_DIR$/python-ce/helpers/typeshed/stubs/untangle" type="simple" />
            <root url="file://$APPLICATION_PLUGINS_DIR$/python-ce/helpers/typeshed/stubs/waitress" type="simple" />
            <root url="file://$APPLICATION_PLUGINS_DIR$/python-ce/helpers/typeshed/stubs/PyAutoGUI" type="simple" />
            <root url="file://$APPLICATION_PLUGINS_DIR$/python-ce/helpers/typeshed/stubs/PyScreeze" type="simple" />
            <root url="file://$APPLICATION_PLUGINS_DIR$/python-ce/helpers/typeshed/stubs/braintree" type="simple" />
            <root url="file://$APPLICATION_PLUGINS_DIR$/python-ce/helpers/typeshed/stubs/decorator" type="simple" />
            <root url="file://$APPLICATION_PLUGINS_DIR$/python-ce/helpers/typeshed/stubs/paho-mqtt" type="simple" />
            <root url="file://$APPLICATION_PLUGINS_DIR$/python-ce/helpers/typeshed/stubs/playsound" type="simple" />
            <root url="file://$APPLICATION_PLUGINS_DIR$/python-ce/helpers/typeshed/stubs/pyOpenSSL" type="simple" />
            <root url="file://$APPLICATION_PLUGINS_DIR$/python-ce/helpers/typeshed/stubs/pyRFC3339" type="simple" />
            <root url="file://$APPLICATION_PLUGINS_DIR$/python-ce/helpers/typeshed/stubs/ttkthemes" type="simple" />
            <root url="file://$APPLICATION_PLUGINS_DIR$/python-ce/helpers/typeshed/stubs/xmltodict" type="simple" />
            <root url="file://$APPLICATION_PLUGINS_DIR$/python-ce/helpers/typeshed/stubs/Deprecated" type="simple" />
            <root url="file://$APPLICATION_PLUGINS_DIR$/python-ce/helpers/typeshed/stubs/Flask-Cors" type="simple" />
            <root url="file://$APPLICATION_PLUGINS_DIR$/python-ce/helpers/typeshed/stubs/SQLAlchemy" type="simple" />
            <root url="file://$APPLICATION_PLUGINS_DIR$/python-ce/helpers/typeshed/stubs/Send2Trash" type="simple" />
            <root url="file://$APPLICATION_PLUGINS_DIR$/python-ce/helpers/typeshed/stubs/cachetools" type="simple" />
            <root url="file://$APPLICATION_PLUGINS_DIR$/python-ce/helpers/typeshed/stubs/commonmark" type="simple" />
            <root url="file://$APPLICATION_PLUGINS_DIR$/python-ce/helpers/typeshed/stubs/dateparser" type="simple" />
            <root url="file://$APPLICATION_PLUGINS_DIR$/python-ce/helpers/typeshed/stubs/jsonschema" type="simple" />
            <root url="file://$APPLICATION_PLUGINS_DIR$/python-ce/helpers/typeshed/stubs/pyfarmhash" type="simple" />
            <root url="file://$APPLICATION_PLUGINS_DIR$/python-ce/helpers/typeshed/stubs/setuptools" type="simple" />
            <root url="file://$APPLICATION_PLUGINS_DIR$/python-ce/helpers/typeshed/stubs/simplejson" type="simple" />
            <root url="file://$APPLICATION_PLUGINS_DIR$/python-ce/helpers/typeshed/stubs/tensorflow" type="simple" />
            <root url="file://$APPLICATION_PLUGINS_DIR$/python-ce/helpers/typeshed/stubs/JACK-Client" type="simple" />
            <root url="file://$APPLICATION_PLUGINS_DIR$/python-ce/helpers/typeshed/stubs/entrypoints" type="simple" />
            <root url="file://$APPLICATION_PLUGINS_DIR$/python-ce/helpers/typeshed/stubs/flake8-2020" type="simple" />
            <root url="file://$APPLICATION_PLUGINS_DIR$/python-ce/helpers/typeshed/stubs/mysqlclient" type="simple" />
            <root url="file://$APPLICATION_PLUGINS_DIR$/python-ce/helpers/typeshed/stubs/opentracing" type="simple" />
            <root url="file://$APPLICATION_PLUGINS_DIR$/python-ce/helpers/typeshed/stubs/pep8-naming" type="simple" />
            <root url="file://$APPLICATION_PLUGINS_DIR$/python-ce/helpers/typeshed/stubs/pycocotools" type="simple" />
            <root url="file://$APPLICATION_PLUGINS_DIR$/python-ce/helpers/typeshed/stubs/pyinstaller" type="simple" />
            <root url="file://$APPLICATION_PLUGINS_DIR$/python-ce/helpers/typeshed/stubs/python-jose" type="simple" />
            <root url="file://$APPLICATION_PLUGINS_DIR$/python-ce/helpers/typeshed/stubs/python-nmap" type="simple" />
            <root url="file://$APPLICATION_PLUGINS_DIR$/python-ce/helpers/typeshed/stubs/python-xlib" type="simple" />
            <root url="file://$APPLICATION_PLUGINS_DIR$/python-ce/helpers/typeshed/stubs/stdlib-list" type="simple" />
            <root url="file://$APPLICATION_PLUGINS_DIR$/python-ce/helpers/typeshed/stubs/tree-sitter" type="simple" />
            <root url="file://$APPLICATION_PLUGINS_DIR$/python-ce/helpers/typeshed/stubs/workalendar" type="simple" />
            <root url="file://$APPLICATION_PLUGINS_DIR$/python-ce/helpers/typeshed/stubs/aws-xray-sdk" type="simple" />
            <root url="file://$APPLICATION_PLUGINS_DIR$/python-ce/helpers/typeshed/stubs/console-menu" type="simple" />
            <root url="file://$APPLICATION_PLUGINS_DIR$/python-ce/helpers/typeshed/stubs/editdistance" type="simple" />
            <root url="file://$APPLICATION_PLUGINS_DIR$/python-ce/helpers/typeshed/stubs/parsimonious" type="simple" />
            <root url="file://$APPLICATION_PLUGINS_DIR$/python-ce/helpers/typeshed/stubs/usersettings" type="simple" />
            <root url="file://$APPLICATION_PLUGINS_DIR$/python-ce/helpers/typeshed/stubs/whatthepatch" type="simple" />
            <root url="file://$APPLICATION_PLUGINS_DIR$/python-ce/helpers/typeshed/stubs/Flask-Migrate" type="simple" />
            <root url="file://$APPLICATION_PLUGINS_DIR$/python-ce/helpers/typeshed/stubs/click-spinner" type="simple" />
            <root url="file://$APPLICATION_PLUGINS_DIR$/python-ce/helpers/typeshed/stubs/humanfriendly" type="simple" />
            <root url="file://$APPLICATION_PLUGINS_DIR$/python-ce/helpers/typeshed/stubs/python-gflags" type="simple" />
            <root url="file://$APPLICATION_PLUGINS_DIR$/python-ce/helpers/typeshed/stubs/Flask-SocketIO" type="simple" />
            <root url="file://$APPLICATION_PLUGINS_DIR$/python-ce/helpers/typeshed/stubs/beautifulsoup4" type="simple" />
            <root url="file://$APPLICATION_PLUGINS_DIR$/python-ce/helpers/typeshed/stubs/flake8-bugbear" type="simple" />
            <root url="file://$APPLICATION_PLUGINS_DIR$/python-ce/helpers/typeshed/stubs/python-crontab" type="simple" />
            <root url="file://$APPLICATION_PLUGINS_DIR$/python-ce/helpers/typeshed/stubs/python-slugify" type="simple" />
            <root url="file://$APPLICATION_PLUGINS_DIR$/python-ce/helpers/typeshed/stubs/singledispatch" type="simple" />
            <root url="file://$APPLICATION_PLUGINS_DIR$/python-ce/helpers/typeshed/stubs/flake8-builtins" type="simple" />
            <root url="file://$APPLICATION_PLUGINS_DIR$/python-ce/helpers/typeshed/stubs/flake8-simplify" type="simple" />
            <root url="file://$APPLICATION_PLUGINS_DIR$/python-ce/helpers/typeshed/stubs/influxdb-client" type="simple" />
            <root url="file://$APPLICATION_PLUGINS_DIR$/python-ce/helpers/typeshed/stubs/mypy-extensions" type="simple" />
            <root url="file://$APPLICATION_PLUGINS_DIR$/python-ce/helpers/typeshed/stubs/python-datemath" type="simple" />
            <root url="file://$APPLICATION_PLUGINS_DIR$/python-ce/helpers/typeshed/stubs/python-dateutil" type="simple" />
            <root url="file://$APPLICATION_PLUGINS_DIR$/python-ce/helpers/typeshed/stubs/Flask-SQLAlchemy" type="simple" />
            <root url="file://$APPLICATION_PLUGINS_DIR$/python-ce/helpers/typeshed/stubs/dockerfile-parse" type="simple" />
            <root url="file://$APPLICATION_PLUGINS_DIR$/python-ce/helpers/typeshed/stubs/s2clientprotocol" type="simple" />
            <root url="file://$APPLICATION_PLUGINS_DIR$/python-ce/helpers/typeshed/stubs/flake8-docstrings" type="simple" />
            <root url="file://$APPLICATION_PLUGINS_DIR$/python-ce/helpers/typeshed/stubs/requests-oauthlib" type="simple" />
            <root url="file://$APPLICATION_PLUGINS_DIR$/python-ce/helpers/typeshed/stubs/translationstring" type="simple" />
            <root url="file://$APPLICATION_PLUGINS_DIR$/python-ce/helpers/typeshed/stubs/click-default-group" type="simple" />
            <root url="file://$APPLICATION_PLUGINS_DIR$/python-ce/helpers/typeshed/stubs/flake8-plugin-utils" type="simple" />
            <root url="file://$APPLICATION_PLUGINS_DIR$/python-ce/helpers/typeshed/stubs/pytest-lazy-fixture" type="simple" />
            <root url="file://$APPLICATION_PLUGINS_DIR$/python-ce/helpers/typeshed/stubs/flake8-rst-docstrings" type="simple" />
            <root url="file://$APPLICATION_PLUGINS_DIR$/python-ce/helpers/typeshed/stubs/flake8-typing-imports" type="simple" />
            <root url="file://$APPLICATION_PLUGINS_DIR$/python-ce/helpers/typeshed/stubs/tree-sitter-languages" type="simple" />
          </root>
        </classPath>
        <sourcePath>
          <root type="composite" />
        </sourcePath>
      </roots>
      <additional SDK_UUID="f5640c55-5370-4512-82ec-94b272257b0b">
        <setting name="FLAVOR_ID" value="UnknownFlavor" />
        <setting name="FLAVOR_DATA" value="{}" />
      </additional>
    </jdk>
  </component>
</application>