<keymap version="1" name="VSCode copy" parent="VSCode">
  <action id="EditorCut">
    <keyboard-shortcut first-keystroke="shift delete" />
    <keyboard-shortcut first-keystroke="shift ctrl x" />
  </action>
  <action id="EditorPaste">
    <keyboard-shortcut first-keystroke="shift insert" />
    <keyboard-shortcut first-keystroke="shift ctrl v" />
  </action>
  <action id="Github.PullRequest.Diff.Comment.Create" />
  <action id="SaveDocument">
    <keyboard-shortcut first-keystroke="shift ctrl s" />
  </action>
  <action id="Space.Review.CreateDiffComment" />
  <action id="WelcomeScreen.Plugins" />
  <action id="org.intellij.plugins.markdown.ui.actions.styling.ToggleStrikethroughAction" />
</keymap>